FACIL_BLDG_DESC,LATITUDE,LONGITUDE
SITE,39.7796,-86.1805
MULTI-BUILDING (3 OR MORE),0,0
NEW CONSTRUCTION,0,0
BLDG NOT ASSIGNED,0,0
WEB-BASED CLASS,0,0
LOWELL E. BAIER HALL,39.16507376,-86.52642427
4TH & INDIANA-LEWIS BLDG,39.16575625,-86.5271417
BUFFALOUIE'S                                                     ,0,0
502 E 4TH ST,39.16533666,-86.52805538
BUSKIRK-CHUMLEY THEATRE,0,0
BRYAN HALL,39.16612046,-86.52655988
CARMICHAEL CENTER,39.16626833,-86.5272666
UNDERGROUND PRINTING,0,0
LENNIE'S,0,0
518 E KIRKWOOD AVE                                               ,0,0
VON LEE,39.16682074,-86.52759281
FRANKLIN HALL,39.1670253,-86.52640607
POPLARS PARKING,39.16780853,-86.52885526
CTR REP GOVERNMENT,39.16779219,-86.52717003
214 N DUNN ST,39.16813298,-86.52806187
222 N DUNN ST,39.16837245,-86.52806393
215 N INDIANA AVE,39.16808257,-86.52716715
307-309 N INDIANA AVE,39.168908,-86.527182
IU MUSEUM OF ARCHAEOLOGY & ANTHROPOLOGY,39.16984482,-86.52626567
409 N INDIANA AVE,39.16991863,-86.52724219
502 E 9TH ST,39.170268,-86.528061
419 N INDIANA AVE,39.17028584,-86.52720793
LGBTQ+ CULTURE CENTER,39.168722,-86.525274
LATINO CULTURAL CENTER,39.16872651,-86.52503765
701 E 8TH ST,39.16967648,-86.5256072
406 N FESS AVE,39.16989435,-86.52560963
406 N FESS GARAGE,39.16979852,-86.52554588
AMERICAN INDIAN STUDIES,39.17034,-86.52667689
521 N PARK AVE,39.17139968,-86.52493983
615 E 11TH ST,39.17363354,-86.52630316
620 E 11TH ST,39.17329683,-86.52615364
621 E 11TH ST,39.17364765,-86.52598744
621 E 11TH ST.,0,0
722 N INDIANA AVE,39.17332371,-86.52680196
622 E 11TH ST,39.17325488,-86.52600773
716 N INDIANA AVE,39.17308076,-86.52679722
718 N INDIANA AVE,39.17320684,-86.52678892
800 N INDIANA AVE,39.1736376,-86.52674213
STUDENT BUILDING (FRANCES MORGAN SWAIN),39.16713278,-86.52558651
KIRKWOOD OBSERVATORY,39.16574393,-86.52607837
314 DUNN ST,39.16910286,-86.52805767
507-509 E 7TH ST,39.1687019,-86.52783458
518 E 7TH ST,39.168428,-86.527921
527 E 7TH ST,39.168688,-86.527165
528 E 7TH ST,39.16833283,-86.5271583
630 E 3RD ST,39.16405335,-86.52607568
618 E 3RD ST,39.16404493,-86.526522
624 E 3RD ST,39.16404237,-86.52630252
324 S HENDERSON ST,39.16351773,-86.52766351
209 S DUNN ST,39.165051,-86.52799
SWAIN WEST,39.16475153,-86.52486477
514 E 3RD ST,39.16409068,-86.52770915
509 E 3RD ST,39.1645937,-86.52784751
314 S HENDERSON ST,39.16381714,-86.52745503
508 E 3RD ST,39.16414,-86.528026
ROSE WELL HOUSE,39.16643115,-86.52437699
MAXWELL HALL,39.16705035,-86.52471815
309-311 N PARK AVE,39.1688695,-86.52483432
712 E 8TH ST,39.16926349,-86.5252204
717 E 8TH ST,39.16969044,-86.52484992
405-407 N PARK AVE,39.16987768,-86.52484089
409 N PARK AVE,39.17004632,-86.52493773
801 E 9TH ST,39.17055462,-86.52441328
701 E 10TH ST,39.1718701,-86.52562071
E-HOUSE,39.17152582,-86.52534203
EDMONDSON HALL,39.17118605,-86.52443788
MCCALLA,39.17084109,-86.52749963
611 N PARK AVE,39.17220155,-86.5248696
501 N PARK AVE,39.17057376,-86.52494189
520 N INDIANA AVE,39.17127174,-86.52668904
513 N PARK AVE                                                   ,39.17105659,-86.52495908
515 N PARK AVE,39.17125018,-86.52491011
417 N INDIANA AVE,39.17009729,-86.52721277
417 N INDIANA GARAGE,39.17006472,-86.52735827
KNEE-HIGH DAYCARE,39.172368,-86.52561507
516 N INDIANA AVE,39.17113612,-86.52666458
708 E 11TH ST,39.17325398,-86.52536672
708 E 11TH ST GARAGE,39.17311094,-86.52530699
510-512 N FESS AVE                                               ,39.1709816,-86.52552298
506-508 N FESS AVE,39.17084199,-86.52536876
509 N FESS AVE,39.1709833,-86.52609074
509 N FESS GARAGE,39.17096711,-86.52629928
504 N FESS AVE,39.17069324,-86.52552277
520 N FESS AVE,39.17139555,-86.52553564
SUNFLOWER DAYCARE,39.17028334,-86.5276524
505 N PARK AVE,39.17069255,-86.52491387
710 E COTTAGE GROVE,39.17238884,-86.52534263
516 N FESS AVE,39.1712607,-86.52555211
516 N FESS GARAGE,0,0
502 N INDIANA AVE,39.1705824,-86.5266266
519 N FESS,39.17138898,-86.52605735
506 N INDIANA AVE,39.17071222,-86.52662231
528 N INDIANA AVE,39.171529,-86.526646
CRAVENS HALL,39.17147251,-86.52400685
SMITH HALL,39.17073854,-86.52399127
809 E 9TH ST,39.17057301,-86.52417951
704 E 8TH ST,39.16930196,-86.52562183
714 E 8TH ST,39.16928071,-86.52499552
715 E 8TH ST,39.16969976,-86.52502298
708 E 8TH ST,39.169315,-86.525406
502 N FESS AVE,39.17057167,-86.5255106
309 N WOODLAWN AVE,39.16889623,-86.52368701
421 N PARK AVE,39.17030195,-86.52491445
612 N PARK AVE,39.17224,-86.524446
HUTTON HONORS COLLEGE,39.16877002,-86.52405612
310-312 N PARK AVE,39.16886176,-86.52444883
HARRIS HOUSE,39.16868839,-86.52443937
IN MEMORIAL UNION,39.16765514,-86.523537
IMU GUARD HUT,39.1682722,-86.52211291
OWEN HALL,39.16697541,-86.52383808
CENT.CAMP.DIST.CTR.,0,0
WYLIE HALL,39.16648863,-86.52357902
KIRKWOOD HALL,39.16597142,-86.5235836
LINDLEY HALL,39.16534361,-86.52359894
SWAIN EAST,39.16471961,-86.52419289
ATWATER EYE CARE CENTER,39.16377847,-86.52418982
HENDERSON PARKING GARAGE,39.16353838,-86.52633061
OPTOMETRY SCHOOL,39.16285607,-86.52333563
814 E 3RD ST,39.16385574,-86.52329198
CLASSROOM-OFFICE BUILDING,39.16376628,-86.52378725
RAWLES HALL,39.1647106,-86.52339457
ATWATER PARKING,39.16338441,-86.52186823
SIMON HALL (SCIENCE),39.16516643,-86.52223533
CHEMISTRY,39.16613058,-86.52258114
CHEMISTRY ADDITION,39.16586862,-86.52289715
DISTRIBUTION CENTER,0,0
8TH ST HUT (HPER),39.16936047,-86.52295583
ERNIE PYLE HALL,39.16818826,-86.52303107
BILL GARRETT FIELDHOUSE,39.16921962,-86.5208279
BECK CHAPEL,39.16705337,-86.52189766
MYERS HALL,39.1647273,-86.52231247
BIOLOGY BUILDING,39.16484014,-86.52098318
GOODBODY HALL,39.16526784,-86.52035767
BALLANTINE HALL,39.1662031,-86.52135968
SCHOOL OF PUBLIC HEALTH,39.16976221,-86.52109747
7TH ST HUT,39.16847275,-86.52217271
WOODBURN HALL,39.16810693,-86.52009963
BRYAN HOUSE,39.16684207,-86.51924398
MORRISON HALL,39.16549633,-86.51971881
MEMORIAL HALL,39.1647944,-86.51969451
MUSIC PRACTICE,39.16375722,-86.51942553
SOCIAL RESEARCH,39.16376397,-86.51982572
MERRILL HALL,39.16479227,-86.51829917
MUSIC ADDITION,39.16525788,-86.51829315
SYCAMORE HALL,39.16528086,-86.51903135
EAST STUDIO BUILDING,39.164681,-86.515429
SIDNEY & LOIS ESKENAZI MUSEUM OF ART,39.16914383,-86.51973852
LILLY LIBRARY,39.16790862,-86.51897382
FINE ARTS,39.16911065,-86.51891889
RADIO-TV,39.16959154,-86.51872308
ARBORETUM,39.16990638,-86.5201306
ARBORETUM,39.17144926,-86.52010226
ARBORETUM,39.17139237,-86.51904143
AUDITORIUM,39.16844269,-86.51785817
LEE NORVELLE THEATRE DRAMA/ NEAL&MARS,39.16838663,-86.51673887
IU CINEMA,39.16861278,-86.51737556
MUSICAL ARTS CENTER,39.1665705,-86.51745899
MAC MACHINE ROOM 100,39.16731275,-86.51751354
SIMON MSC LBR REC                                                ,39.16533562,-86.51744723
1815 E ATWATER AVE,39.163272,-86.511424
ESKENAZI SCHL / MIES VAN DER ROHE BLDG,39.169141,-86.516625
GLOBAL & INTL STUDIES BLDG,39.170002,-86.517492
316 N EAGLESON AVE,39.16865614,-86.51571929
300 N EAGLESON AVE,39.16825898,-86.51565554
EAST PARKING GARAGE,39.16742011,-86.51495804
BW-MANOR HOUSE,0,0
BICENTENNIAL CARILLON,39.170657,-86.519578
BW-CAMPBELL HOUSE,0,0
BW-CARRIAGE HOUSE,0,0
BW-GUARD HOUSE,0,0
BW-MAINTENANCE BLDG,0,0
GAZEBO-ARBORETUM,39.17102348,-86.51792908
BW-CHARLOTTE CABIN,0,0
BW-ELM CABIN,0,0
BW-RAYMOND CABIN,0,0
WELLS LIBRARY,39.17100263,-86.51679267
BW-OAK CABIN,0,0
BW-BEECH CABIN,0,0
BW-WALNUT CABIN,0,0
BW-LILLY POOL,0,0
BW-BAXTER DINING,0,0
BW-RECYCLE SHED,0,0
BW-FOUST CENTER,0,0
BW-BAXTER COTTAGE,0,0
INTERNATIONAL CENTER,39.16679212,-86.515828
BW-INTERPRETIVE CENTER,0,0
BW-WOLF HOUSE,0,0
BW-RHODES LANDON CABIN,0,0
BW-MONTGOMERY CABIN,0,0
BW-WADE CABIN,0,0
BW-CARLSON CABIN,0,0
330 S EASTSIDE DR,39.16322832,-86.51348986
BW-CARR CENTER,0,0
315 S MITCHELL ST,39.16349908,-86.51396644
319 S MITCHELL ST,39.16320118,-86.51397144
UNIVERSITY APT EAST,39.16486159,-86.51416898
BW-DOGWOOD COTTAGE,0,0
BW-ACTIVITY CENTER,0,0
1514 E 3RD ST,39.16392132,-86.51455701
1600 E 3RD ST,39.164069,-86.513876
1610 E 3RD ST,39.164068,-86.513601
1610 E 3RD ST GARAGE,39.163899,-86.513634
BW-FISHING SHED,0,0
BW-LAKE BEACH HOUSE,0,0
READ HALL,39.16611546,-86.51488449
BW-BOATHOUSE,0,0
BW-ARCHERY STORAGE,0,0
BW-OAK SHELTER,0,0
BW-SPRINGHOUSE,0,0
1708 E 3RD ST,39.16407976,-86.51294933
BW-OLD HOMESTEAD,0,0
401 S EASTSIDE DR,39.16292517,-86.51298585
BW-AMPHITHEATER,0,0
BW-RHODES-LANDON SHELTER,0,0
BW-WELCOME SHELTER,0,0
WRIGHT QUAD,39.17042469,-86.51458137
BW-ELM SHELTER,0,0
BW-FISHING SHELTER,0,0
BW-UPPER BEACH SHELTER,0,0
BW-LOWER BEACH SHELTER,0,0
BW-BASSWOOD COTTAGE,0,0
BW-ADMINISTRATION,0,0
TETER QUAD,39.17049443,-86.51326977
BW-OBSERVATORY,0,0
BW-ADVENTURE SHED,0,0
BW-WETLANDS COMFORT STATION,0,0
BW-PEPSI SHELTER,0,0
WENDELL W. WRIGHT,39.16713739,-86.5125391
BW-WOOD SHED,0,0
325 S ARBUTUS DR,39.14196,-86.52996
BW-RYAN COTTAGE,0,0
BW-AGAPE LODGE,0,0
BW-WOODEN SHOWER HOUSE,0,0
BW-SPORT COURT,0,0
BW-SPORTS SHED,0,0
BW-ZIP SHED,0,0
BW-CROSS KEYS INN,0,0
BW-GARAGE,0,0
BW-LEWIS COTTAGE,0,0
BW-LEWIS SHED,0,0
BW-CLARK COTTAGE,0,0
FOREST QUAD,39.16491006,-86.51246737
FOREST QUAD CHILLER,39.16502077,-86.5133159
BW-BLOCK SHOWER HOUSE,0,0
1812 E 3RD ST,39.16408514,-86.51197484
BW-BARN,0,0
BW-INDOOR RIDING ARENA,0,0
BW-CHEROKEE CABIN,0,0
BW-KICKAPOO CABIN,0,0
BW-OC SHED,0,0
BW-MOHEGAN COTTAGE,0,0
BW-MOHEGAN SHED,0,0
HERSHEY HALL,39.17003589,-86.51214394
BW-CHICKASAW COTTAGE,0,0
BW-CHICKASAW SHED,0,0
JOHNSTON HALL,39.1709675,-86.51215659
VOS HALL,39.17080823,-86.5114633
HICKORY HALL,39.17129689,-86.51039428
BIRCH HALL,39.17052431,-86.51067768
CEDAR HALL,39.17065202,-86.50980912
LINDEN HALL,39.16982925,-86.5100344
CYPRESS HALL,39.1694717,-86.51060787
BEECH HALL,39.16854836,-86.5105821
PINE HALL,39.16887062,-86.50985093
UNION ST CHILLER,39.16976989,-86.51123872
MOFFAT HALL,39.1712432,-86.51140695
GRIGGS LOUNGE,39.17103521,-86.51135397
DREISER HALL,39.17051455,-86.51116168
STEMPEL HALL,39.17021444,-86.51145939
BARNES LOUNGE,39.17002249,-86.51169282
BW-SHAWNEE COTTAGE,0,0
BW-DELAWARE CABIN,0,0
BW-GRIFFITH HALL,0,0
BW-MIAMI COTTAGE,0,0
BW-GRIFFITH STAFF HOUSE,0,0
1818 E 3RD ST,0,0
1834 E 3RD ST,0,0
209 S UNION ST,39.165071,-86.509209
209 S UNION ST GARAGE,0,0
211 S UNION ST,39.16493636,-86.5091912
211 S UNION GARAGE,39.16497922,-86.50892703
1902 E 3RD ST,39.164027,-86.510728
2101 E 3RD ST,39.16451511,-86.50810123
2027 E 3RD ST,39.16447583,-86.50879551
2029 E 3RD ST,39.16447249,-86.50862808
2029 E 3RD GARAGE,39.16463242,-86.50859649
2031 E 3RD ST,39.16448453,-86.50844274
2030 E 3RD ST,39.164088,-86.50865
3RD & UNION APARTMENTS,39.164613,-86.510159
WILLKIE B,39.16538781,-86.51045935
SPRUCE HALL,39.165757,-86.511766
WILLKIE C,39.16615689,-86.51039448
WILLKIE A,39.16692372,-86.5104588
MASON HALL,39.16784357,-86.50993366
EIGENMANN HALL,39.17090197,-86.50862246
1901 E 10TH ST,39.17175158,-86.50929695
STUDENT SERVICES,39.16907251,-86.50868104
2045 E 7TH ST,39.16841519,-86.50853938
318 N UNION ST,39.16876078,-86.50915967
318 N UNION GARAGE,39.16879312,-86.50897258
306 N UNION ST,39.16845573,-86.50903559
2020 E 3RD ST,39.16406523,-86.50938789
200 S BRYAN AVE,39.13955,-86.5364
117 S UNION ST,39.16608329,-86.50919989
204 S BRYAN AVE,39.165352,-86.508515
206 S BRYAN AVE,39.165209,-86.508503
206 S BRYAN AVE GARAGE,0,0
212 S BRYAN AVE,39.16506,-86.508522
212 S BRYAN AVE GARAGE,0,0
214 S BRYAN AVE,39.164916,-86.508548
120 S BRYAN AVE,39.1657229,-86.50852973
118 S BRYAN AVE,39.16587597,-86.50858267
102 S BRYAN AVE,39.1666824,-86.50853284
104 S BRYAN AVE,39.16655149,-86.50853069
113 N BRYAN AVE,39.16734866,-86.50856022
120 N BRYAN AVE,39.16763,-86.508
121 N BRYAN AVE,39.16773015,-86.50857269
AMERICAN HISTORIANS-RAINTREE HOUSE,39.16734966,-86.50780263
111 N BRYAN AVE,39.16721199,-86.50856288
2105 E 3RD ST,39.16446948,-86.50772833
2105 E 3RD GARAGE,39.16457159,-86.50763482
2427 E 2ND ST,39.16103,-86.503599
2431 E 2ND ST,39.16103,-86.503544
BW-NE PIT 1,0,0
BW-NE CARETAKER TRAILER,0,0
BW-NE MAINTENANCE GARAGE,0,0
BW-NE LODGE,0,0
BW-NE PIT 2,0,0
BW-NE SHELTER STORAGE,0,0
BW-NE PIT 3,0,0
CROSSTOWN SHOPPING CENTER,0,0
713 E COTTAGE GR,39.172706,-86.524827
802 E COTTAGE GROVE AVE,39.172361,-86.524485
HILLCREST,39.17216754,-86.52613959
822 E COTTAGE GROVE AVE,39.17235302,-86.52420947
815 E 10TH ST,39.17181661,-86.52397323
ASIAN CULTURE CENTER,39.17182329,-86.52426711
809 E 10TH ST,39.17199437,-86.52416482
801 E 10TH ST,39.17182128,-86.52445699
824 E COTTAGE GROVE AVE,39.17237826,-86.52396907
611 N WOODLAWN AVE,39.17217779,-86.52370974
805 E COTTAGE GROVE AVE,39.1727328,-86.52423404
824.5 E COTTAGE GROVE AVE,39.17216109,-86.52398721
711 N PARK AVE,39.172906,-86.524863
711 N PARK GARAGE,39.172855,-86.524952
721 N PARK AVE,39.17329856,-86.52485686
821 E 10TH ST,39.17182508,-86.5237182
1020 N INDIANA AVE,39.17600381,-86.52678271
1114 INDIANA GARAGE,39.17675232,-86.52669351
1000 N INDIANA AVE,39.17562971,-86.52675079
603 E 12TH ST GARAGE,39.17474448,-86.52651051
615 E 13TH ST,39.17542565,-86.52635738
1112 N INDIANA AVE,39.17667477,-86.52683359
1112 INDIANA GARAGE,39.17658917,-86.5267163
623 E 13TH ST,39.17541756,-86.52603796
822 E 11TH ST,0,0
725 N WOODLAWN AVE,0,0
LUDDY HALL (INFORMATICS),39.172942,-86.523029
RESEARCH SVC. BLDG.,39.17394225,-86.52271333
GEOL. MATERIAL TEST,39.17367958,-86.52279043
321 N WOODLAWN AVE,39.16925967,-86.52370162
712 E 12TH ST-GARAGE,39.17393385,-86.52520359
ESKENAZI WOOD AND METAL SHOP                                     ,39.17416624,-86.52390201
821 E 11TH ST,39.17359764,-86.52394136
703 E 11TH ST,39.17360324,-86.52565346
707 E 11TH ST,39.17361429,-86.525361
707 E 11TH GARAGE,39.17373828,-86.52532607
815 E COTTAGE GROVE AVE,39.17273908,-86.52399241
715 E 11TH ST,39.17361682,-86.52512242
815 N PARK AVE,39.173947,-86.524889
813 N PARK AVE,39.1738195,-86.52486926
823 E 11TH ST HOUSE,39.173629,-86.523737
823 E 11TH ST GARAGE,39.173808,-86.523645
DEVAULT ALUMNI CENTER,39.17872496,-86.52181159
1104 N WOODLAWN AVE,39.1764787,-86.52335615
1106 N WOODLAWN AVE,39.17662832,-86.52337427
STUDIO ARTS ANNEX,39.17494301,-86.52415134
1202 N WOODLAWN AVE,39.17722003,-86.52336025
1216 N WOODLAWN AVE,39.17765108,-86.52339259
901 N WOODLAWN AVE,39.17557192,-86.52337617
607 E 13TH ST,39.17542033,-86.52662276
919 E 13TH ST,39.17542819,-86.52271213
710 N FESS AVE,39.173052,-86.525687
829 N FESS AVE,39.17396949,-86.52605085
905 E 14TH ST,39.17619584,-86.5228855
913 E 14TH ST,39.1761723,-86.52260597
908 E 14TH ST: HOUSE,39.17588686,-86.52288383
908 E 14TH ST: GARAGE,39.17577979,-86.5228007
CHILLED WATER PLANT,39.17493764,-86.52291322
ECHO CHAMBER,39.17466336,-86.5222852
ANECHOIC LAB,39.17460329,-86.52228732
BEHAVIOR LAB,39.17484499,-86.52223665
MODULAR LAB,0,0
N WOODLAWN CHILLER PLANT,39.177999,-86.522876
LANDSCAPE SERVICES CREW SHOP,0,0
MYLES BRAND HALL,39.17198002,-86.52316284
607 E 12TH ST,39.17451316,-86.52627941
608 E 12TH ST,39.17416794,-86.52628359
LUDDY CENTER FOR AI,39.173593,-86.521798
GEOLOGICAL SCIENCES,39.171956,-86.521807
PSYCHOLOGY,39.17206881,-86.52022729
615 E 14TH ST,39.1762423,-86.52635561
1103 N FESS AVE,39.17657967,-86.52616629
MULTI SCIENCE 2,39.17287077,-86.52066799
880 N WALNUT GROVE,39.17426679,-86.52043075
BRISCOE QUAD,39.17836912,-86.51984434
PERSIMMON A & B,39.177152,-86.520778
MCNUTT NORTH,39.17718634,-86.51977707
MCNUTT CENTRAL,39.17641476,-86.51946012
CHESTNUT C & D,39.175822,-86.520772
MCNUTT SOUTH,39.17565571,-86.51982362
CENTRAL HEATING PLANT,39.17363722,-86.52016237
FEE LANE PKG GARAGE,39.173008,-86.519774
GODFREY GRAD&EXEC ED CTR,39.17244705,-86.5193985
HODGE HALL (BUSINESS SCHOOL),39.17236649,-86.51837451
SPEA                                                             ,39.17250139,-86.51766721
HARPER HALL,39.17509739,-86.5180439
GRESHAM DINING HALL,39.1743202,-86.51828181
SHEA HALL,39.17587114,-86.51846641
MARTIN HALL,39.175868,-86.51783954
MAGEE HALL,39.17586677,-86.51721066
JENKINSON HALL,39.17511303,-86.51711071
NELSON RPS ADMIN.,39.17382556,-86.51598848
UNDERGRADUATE EDUCATION                                          ,39.17237925,-86.51597578
WELLS HOUSE,39.17240301,-86.51689673
1319 E 10TH ST,39.17237969,-86.51718271
HARLOS HOUSE,39.17244769,-86.51658945
1357 E 10TH ST,39.17239863,-86.51624021
IU STUDENT HEALTH CENTER,39.17210541,-86.51512927
PARKING BOOTH,39.17249885,-86.51517368
RECREATIONAL SPORTS,39.17352548,-86.51241486
ROGERS HL ELEV PUMP,39.17837116,-86.51042204
FACILITY OPS STORAGE,39.17776914,-86.51066285
HOOSIER COURTS D/C,39.17456308,-86.50888092
CAMPUS VIEW APARTMENTS,39.17365913,-86.50895348
BOTANY GREENHOUSE,39.17536239,-86.5053746
JUNIOR GARDENING,39.17511418,-86.50537414
POLE BARN A,39.17520641,-86.50561355
POLE BARN B,39.17520397,-86.50548555
BOTANY FIELD GREENHOUSE,39.17595232,-86.50542444
RESEARCH LAB,39.17568941,-86.50618848
HILLTOP GARDEN CENTER,39.17445482,-86.50542562
FLY MAGNETIC CENTER,39.17527383,-86.5059951
TULIP TREE APTS,39.17253305,-86.50428917
LANDSCAPE SVCS,39.17112093,-86.50586421
LANDSCAPE SRV 1,39.17101755,-86.50603973
LANDSCAPE SRV 2,39.17074728,-86.50554155
LANDSCAPE SRV STORAGE,39.17102842,-86.50526101
SALT STORAGE,0,0
MOBILE OFFICE,39.171088,-86.505545
GEORGE THOMAS CLUBHOUSE,39.183914,-86.510145
INNOVATION CENTER,39.17205972,-86.50015917
10TH & BYPASS MALL,0,0
GLOBAL NOC BUILDING,39.17300046,-86.50093452
INTERCOL. ATHL. GYM,39.17269402,-86.50015223
SMITH RESEARCH CENTER,39.173665,-86.49967444
CHILDRENS CENTER,39.17504321,-86.50201915
ROTC SUPPLY CENTER,39.17481852,-86.50150464
CYBERINFRASTRUCTURE BLDG (CIB),39.172261,-86.501732
DATA CENTER,39.17438061,-86.50067954
DISABILITY & COMMUNITY,39.17472262,-86.49918925
THE HEALTH SCIENCES BUILDING,39.177066,-86.503985
BART KAUFMAN FIELD,39.185208,-86.522991
ANDY MOHR FIELD,39.184159,-86.520033
MELLENCAMP PAVILION,39.18322792,-86.52443738
MARCHING HUNDRED HALL (RAY E CRAMER),39.17859,-86.523032
HAYES TRACK STORAGE,39.18163218,-86.51503434
HAYES TRACK PRESSBOX,39.18153114,-86.51582666
HAYES TRACK STORAGE,39.18159487,-86.5157622
WILKINSON HALL (VOLLEYBALL/WRESTLING),39.180132,-86.519719
MEMORIAL STADIUM,39.18088787,-86.52496309
TRANSIT BUILDING,0,0
TENNIS CENTER,39.18286732,-86.52188707
SIMON SKJODT ASSEMBLY HALL,39.18087709,-86.52221294
GLADSTEIN FIELDHOUSE,39.18087127,-86.52041755
WILCOX HOUSE,39.18113351,-86.51782241
OUTDOOR POOL,39.17993305,-86.51867545
HEADLEY SCHOOL,39.18595946,-86.51466146
HEADLEY SCH GARAGE,39.18571723,-86.51476186
1800 N FEE LN,39.18285278,-86.51786692
1704 N FEE LN,39.18195373,-86.51787333
711 E SR45/46 HOUSE,39.18695199,-86.52643318
711 E SR45/46 GREENHS,39.187509,-86.526656
1001 E SR 45 46 BYP,39.18749412,-86.52300172
721 E STATE RD 45/46 BYP,39.186924,-86.525766
SEMBOWER CONCESSION,39.17652149,-86.51733397
SEMBOWER E PRESSBOX,39.17677081,-86.51646941
SEMBOWER W PRESSBOX,39.17634657,-86.51798347
COOK HALL,39.18007961,-86.52091515
GOLF MAINTENANCE,39.18291882,-86.50986479
GOLF MAINT STORAGE,39.182712,-86.509661
GOLF PUMPHOUSE,39.18236159,-86.50920734
WEATHERS GOLF TEAM CENTER,39.18640913,-86.51262952
IU GOLF TEACHING AND TRAINING CENTER,39.185996,-86.51351
MULTIDISCIPLINARY ENG AND SCI HALL-MESH,39.18984495,-86.52295065
MESH STORAGE,39.19167737,-86.523237
MESH STOR2,39.190046,-86.523775
ARMSTRONG STADIUM / TARDY CENTER,39.18129681,-86.51465952
ARMSTRONG PRESSBOX,39.18011833,-86.51427233
ARMSTRONG CONCESSIONS/RESTROOMS,39.17991827,-86.51420372
CIRCLE OF CHAMPIONS,39.18107292,-86.5161322
IRELAND FAMILY FIELDHOUSE,39.17995398,-86.51553786
FIELD HOCKEY PUMP,0,0
FOOTBALL STORAGE,39.18253343,-86.52593114
ALF III,39.17486887,-86.49749817
ALF-RUTH LILLY AUXILIARY LIBRARY,39.17486887,-86.49749817
IU WAREHOUSE,39.1724048,-86.49631211
RESEARCH & TEACHING PRESERVE,39.19074497,-86.50206641
MOTOR POOL,39.17367973,-86.49612783
2610 N HEADLEY RD,39.18947211,-86.51418233
2610 HEADLEY GARAGE,39.189422,-86.51418
2204 N HEADLEY RD,39.18636628,-86.51410301
LANDSCAPE STORAGE 2,39.18681841,-86.5122763
1203 E MATLOCK RD,39.18677281,-86.5201477
1209 E MATLOCK RD,39.18728382,-86.51947903
SERVICE BLDG,39.17671146,-86.49397707
2599 W FOUNTAIN DR,0,0
2325 W INDUSTRIAL PARK DR,0,0
1105 E ATWATER AVE,39.16328577,-86.51977655
1211 E ATWATER AVE,39.1633074,-86.51880298
JOURNAL AMERICAN HISTORY,39.16333118,-86.51860907
1217 E ATWATER,39.16333104,-86.5184449
920 E ATWATER AVE,39.1629059,-86.52168519
1125 E ATWATER AVE,39.16327717,-86.51954871
914 E ATWATER AVE                                                ,39.16289969,-86.52199914
1211.5 E ATWATER AVE,39.16344537,-86.51883709
1127 E ATWATER AVE                                               ,39.16326112,-86.51932545
1129 E ATWATER AVE,39.16329839,-86.51932241
1103 E ATWATER AVE,39.16326276,-86.52000668
1015 E ATWATER AVE,39.1633096,-86.52048316
1200 E ATWATER AVE,39.16291401,-86.51896454
1220 E ATWATER AVE,39.16282409,-86.51822041
1212 E ATWATER AVE,39.16288744,-86.51861721
WOODBURN HOUSE,39.1711052,-86.53516892
WYLIE HOUSE MUSEUM,39.16169709,-86.53089961
422 S GRANT ST,39.16190557,-86.53011382
422 S GRANT GARAGE,39.16191331,-86.53031685
411 S LINCOLN ST,39.16208506,-86.53096209
215 E 2ND ST,39.16157018,-86.53137318
BRADLEY EDUCATION CENTER (MORTON C.),39.16186758,-86.53055441
633-637 N MORTON AVE,0,0
MONROE CO GOVT CENTER-SHOWERS,39.17024264,-86.53698857
420 N WALNUT ST,39.170273,-86.533248
2218 N DUNN ST,39.187415,-86.527771
2200 N DUNN ST,39.18695996,-86.52794061
IU CREDIT UNION,0,0
1430 N WILLIS DR,0,0
MORGAN-MONROE OBSERVATORY,0,0
BUILDING C                                                       ,39.24353,-86.53149
BUILDING D                                                       ,39.24353,-86.53149
KENT FM 1 FIELD STATION,0,0
KENT FM 2 FIELD STATION,0,0
KENT FM 5 FIELD STATION,0,0
WHISNAND FIELD STATION,0,0
190 E ELLIS RD                                                   ,0,0
SARE RD TRANSMITTER,0,0
SHOWALTER HOUSE (IU FOUNDATION),39.18469529,-86.51277683
IU TELEFUND,0,0
ST MARKS UNITED METHODIST CHURCH,0,0
IUF STORAGE,39.18575128,-86.51440002
BLGTN BUS ADMIN,0,0
BLGTN BUS MAINT.,0,0
SHOWALTER FOUNTAIN                                               ,39.168463,-86.518963
BETA SIGMA PSI                                                   ,39.16387615,-86.52554064
CHI PHI                                                          ,39.16383257,-86.52487519
DELTA PHI EPSILON,39.16379439,-86.52301497
ALPHA PHI,39.16388936,-86.52232639
PI BETA PHI,39.16383008,-86.52135486
KAPPA KAPPA GAMMA,39.16379299,-86.52056105
DELTA UPSILON,39.16371711,-86.51884149
LAMBDA CHI ALPHA,39.16373911,-86.51836633
DELTA GAMMA,39.1673541,-86.51663725
KAPPA ALPHA THETA,39.17020612,-86.52396812
SIGMA PHI EPSILON,39.17434751,-86.51552772
KAPPA DELTA,39.17501809,-86.51499283
ALPHA CHI OMEGA,39.1747326,-86.51387654
ZETA TAU ALPHA,39.175375,-86.51330277
SIGMA NU,39.17572524,-86.5144469
EVANS SCHOLARS,39.17635562,-86.51397267
BETA THETA PI,39.17611211,-86.51255493
POLICE DPT IUPD,39.17927531,-86.51337032
ALPHA EPSILON PHI,39.17672913,-86.51221412
PHI DELTA THETA,39.17734285,-86.51302572
PHI KAPPA PSI,39.17762586,-86.51180704
GAMMA PHI BETA,39.17807806,-86.51296979
ALPHA GAMMA DELTA,39.17827987,-86.51186342
PHI SIGMA KAPPA                                                  ,39.17918404,-86.51030618
SIGMA DELTA TAU,39.17989573,-86.51037
ALPHA EPSILON PI,39.18048721,-86.51039172
CHI OMEGA,39.18099905,-86.51049994
SIGMA KAPPA,39.18059831,-86.51164506
ALPHA OMICRON PI,39.18104787,-86.51179466
SIGMA ALPHA MU                                                   ,39.18167319,-86.51095955
THETA CHI,39.1820915,-86.51130354
DELTA ZETA,39.18149344,-86.51224606
PHI MU,39.182591,-86.51169317
DELTA TAU DELTA                                                  ,39.18184814,-86.51256972
TAU EPSILON PHI                                                  ,39.183015,-86.51275692
ALPHA SIGMA PHI,39.18384381,-86.51408532
PI KAPPA PHI,39.18405898,-86.51475009
ALPHA XI DELTA,39.18417135,-86.5164433
CHRISTIAN STUDENT FELLOWSHIP,39.18419009,-86.51734366
ALPHA DELTA PI,39.18488198,-86.5172402
SIGMA CHI,39.16878756,-86.52645413
SIGMA ALPHA EPSILON,39.176609,-86.513378
PHI GAMMA DELTA-NEW,39.169734,-86.524059
FIRE DEPARTMENT,39.173868,-86.523185
STONE BELT CENTER,39.172385,-86.498036
SCCAP GREENHOUSE,39.172658,-86.497236
IU FOUNDATION HANGAR,0,0
CONRAD PREBYS AMPHITHEATER,39.167,-86.52
HILLEL CENTER,39.16386,-86.52444
IVY TECH LIBERTY DR,0,0
ANDERSON HALL,0,0
1708 N FEE LANE,39.18238,-86.51819
828 E COTTAGE GROVE,39.17236,-86.52372
829 E COTTAGE GROVE,39.17279,-86.52373
FORREST AVENUE PARKING GARAGE,39.173833,-86.521811
5001 N STATE ROAD 37                                             ,39.223,-86.54104
FERGUSON INTERNATIONAL CENTER                                    ,39.169199,-86.515674
309 S MITCHELL ST,NULL,NULL
904 E 14TH ST,NULL,NULL
1302 E 3RD ST,NULL,NULL
BUILDING B                                                       ,39.243528,-86.532436
BUILDING E                                                       ,39.243414,-86.53245
BUILDING F                                                       ,39.243837,-86.531285
BUILDING G                                                       ,39.24342,-86.5319
1316 E 3RD ST                                                    ,NULL,NULL
322 EAGLESON AVE                                                 ,NULL,NULL
2522 E 10TH ST                                                   ,NULL,NULL
BUILDING H                                                       ,39.24396,-86.53123
BUILDING I                                                       ,39.24393,-86.53156
BUILDING A                                                       ,39.2444,-86.53326
320 S EASTSIDE DR                                                ,39.16364,-86.51353
FIELD HOCKEY PRESSBOX                                            ,39.17984,-86.51586
